"Source","Target"
"sostiti","OIconversa"
"DictadoresSA","Orion3711N335O"
"DictadoresSA","Orion3711N335O"
"JCLAUDIO74","estudiarcursos"
"OIenAlicante","MAITELEAN"
"ForbesFlauta","Guim_Marta"
"feliperecto","FranciscoJosGon"
"defotoenfoto","naylabuccolini"
"Maskuko","Guardiaoscura"
"Maskuko","keyser_soce"
"ForbesFlauta","DrewAMG46"
"ForbesFlauta","marple_j"
"OIconversa","TJungpa"
"Rbarahona77","TJungpa"
"Rbarahona77","MacaRomeroAl"
"Rbarahona77","OIconversa"
"OIconversa","Rbarahona77"
"TJungpa","Rbarahona77"
"OIconversa","TJungpa"
"OIconversa","SoyActivista"
"TJungpa","vvilanovag"
"OIconversa","Saludporderecho"
"OIconversa","LaraContra"
"Rbarahona77","LaraContra"
"OIconversa","OIenDonostia"
"OIconversa","Rmnhrrcrsp"
"ForbesFlauta","tempoecu"
"OIenAlicante","MAITELEAN"
"OIenAlicante","MAITELEAN"
"OIenAlicante","MAITELEAN"
"TJungpa","GAFOLITO"
"TJungpa","evitagarzon"
